Seconds,SGEO X (km),SGEO Y (km),SGEO Z (km),SC1 RelX (km),SC1 RelY (km),SC1 RelZ (km),SC2 RelX (km),SC2 RelY (km),SC2 RelZ (km),SC3 RelX (km),SC3 RelY (km),SC3 RelZ (km),SC4 RelX (km),SC4 RelY (km),SC4 RelZ (km),SC5 RelX (km),SC5 RelY (km),SC5 RelZ (km)
0,43399,0,0,-1.1829,4.2856,1.7745,-0.75722,-6.0772,2.0682,0.88076,3.1514,-1.415,2.0251,0.8976,-2.0816,-3.4777,2.2074,-4.9134
30.002,43399,83.384,-36.256,-1.1879,4.2876,1.773,-0.75126,-6.0807,2.0559,0.87747,3.1444,-1.4265,2.0224,0.89588,-2.0749,-3.4822,2.215,-4.9142
60.005,43399,166.77,-72.512,-1.1929,4.2896,1.7714,-0.74531,-6.0843,2.0437,0.87419,3.1374,-1.438,2.0196,0.89416,-2.0682,-3.4867,2.2226,-4.9151
90.007,43398,250.15,-108.77,-1.1979,4.2916,1.7698,-0.73936,-6.0878,2.0315,0.87091,3.1303,-1.4494,2.0169,0.89244,-2.0615,-3.4912,2.2301,-4.9159
120.01,43397,333.53,-145.02,-1.2029,4.2936,1.7682,-0.73343,-6.0913,2.0193,0.86764,3.1233,-1.4609,2.0142,0.89071,-2.0547,-3.4958,2.2376,-4.9167
150.01,43397,416.91,-181.28,-1.2079,4.2955,1.7667,-0.7275,-6.0947,2.007,0.86438,3.1162,-1.4724,2.0115,0.88897,-2.048,-3.5004,2.2451,-4.9174
180.01,43396,500.29,-217.53,-1.213,4.2974,1.7651,-0.72157,-6.0981,1.9948,0.86113,3.1091,-1.4838,2.0088,0.88724,-2.0413,-3.505,2.2527,-4.9182
210.02,43394,583.66,-253.78,-1.218,4.2993,1.7635,-0.71566,-6.1015,1.9825,0.85788,3.102,-1.4953,2.0062,0.8855,-2.0345,-3.5097,2.2602,-4.9189
240.02,43393,667.04,-290.04,-1.2231,4.3012,1.7618,-0.70975,-6.1049,1.9703,0.85465,3.0949,-1.5067,2.0035,0.88375,-2.0277,-3.5144,2.2676,-4.9196
270.02,43391,750.41,-326.29,-1.2281,4.3031,1.7602,-0.70385,-6.1083,1.958,0.85142,3.0878,-1.5182,2.0009,0.882,-2.021,-3.5191,2.2751,-4.9203
300.02,43389,833.78,-362.54,-1.2332,4.3049,1.7586,-0.69795,-6.1116,1.9457,0.8482,3.0806,-1.5296,1.9983,0.88025,-2.0142,-3.5238,2.2826,-4.921
330.02,43387,917.14,-398.78,-1.2383,4.3068,1.757,-0.69207,-6.1149,1.9334,0.84499,3.0735,-1.541,1.9958,0.8785,-2.0074,-3.5286,2.29,-4.9216
360.03,43385,1000.5,-435.03,-1.2434,4.3086,1.7553,-0.68619,-6.1182,1.9211,0.84178,3.0663,-1.5524,1.9932,0.87674,-2.0006,-3.5334,2.2975,-4.9223
390.03,43383,1083.9,-471.27,-1.2485,4.3104,1.7537,-0.68032,-6.1214,1.9088,0.83859,3.0591,-1.5638,1.9906,0.87498,-1.9938,-3.5383,2.3049,-4.9229
420.03,43380,1167.2,-507.51,-1.2536,4.3121,1.752,-0.67446,-6.1246,1.8965,0.8354,3.0519,-1.5752,1.9881,0.87322,-1.987,-3.5431,2.3124,-4.9234
450.03,43378,1250.5,-543.75,-1.2588,4.3139,1.7504,-0.66861,-6.1278,1.8842,0.83223,3.0447,-1.5866,1.9856,0.87145,-1.9802,-3.548,2.3198,-4.924
480.04,43375,1333.9,-579.99,-1.2639,4.3156,1.7487,-0.66277,-6.131,1.8718,0.82906,3.0375,-1.598,1.9831,0.86968,-1.9734,-3.5529,2.3272,-4.9245
510.04,43371,1417.2,-616.23,-1.269,4.3173,1.747,-0.65693,-6.1341,1.8595,0.8259,3.0303,-1.6094,1.9806,0.86791,-1.9665,-3.5579,2.3346,-4.925
540.04,43368,1500.6,-652.46,-1.2742,4.319,1.7453,-0.6511,-6.1372,1.8472,0.82275,3.0231,-1.6208,1.9782,0.86613,-1.9597,-3.5629,2.3419,-4.9255
570.04,43365,1583.9,-688.69,-1.2794,4.3207,1.7436,-0.64529,-6.1403,1.8348,0.81961,3.0158,-1.6322,1.9758,0.86435,-1.9528,-3.5679,2.3493,-4.926
600.05,43361,1667.2,-724.91,-1.2845,4.3223,1.7419,-0.63948,-6.1433,1.8224,0.81647,3.0085,-1.6435,1.9733,0.86257,-1.946,-3.5729,2.3567,-4.9264
630.05,43357,1750.5,-761.14,-1.2897,4.324,1.7402,-0.63368,-6.1464,1.8101,0.81335,3.0013,-1.6549,1.9709,0.86079,-1.9391,-3.578,2.364,-4.9269
660.05,43353,1833.8,-797.35,-1.2949,4.3256,1.7385,-0.62789,-6.1494,1.7977,0.81023,2.994,-1.6662,1.9686,0.859,-1.9322,-3.5831,2.3713,-4.9273
690.05,43349,1917.1,-833.57,-1.3001,4.3272,1.7368,-0.62211,-6.1523,1.7853,0.80713,2.9867,-1.6776,1.9662,0.85721,-1.9253,-3.5882,2.3786,-4.9276
720.05,43344,2000.4,-869.78,-1.3053,4.3288,1.735,-0.61633,-6.1553,1.7729,0.80403,2.9793,-1.6889,1.9639,0.85542,-1.9184,-3.5934,2.3859,-4.928
750.06,43339,2083.6,-905.99,-1.3106,4.3303,1.7333,-0.61057,-6.1582,1.7605,0.80095,2.972,-1.7002,1.9615,0.85362,-1.9115,-3.5986,2.3932,-4.9283
780.06,43335,2166.9,-942.2,-1.3158,4.3318,1.7315,-0.60482,-6.1611,1.7481,0.79787,2.9647,-1.7115,1.9592,0.85182,-1.9046,-3.6038,2.4005,-4.9286
810.06,43330,2250.2,-978.4,-1.321,4.3334,1.7298,-0.59908,-6.164,1.7357,0.7948,2.9573,-1.7229,1.9569,0.85002,-1.8977,-3.6091,2.4078,-4.9289
840.06,43324,2333.4,-1014.6,-1.3263,4.3349,1.728,-0.59334,-6.1668,1.7232,0.79174,2.9499,-1.7342,1.9547,0.84822,-1.8908,-3.6143,2.415,-4.9292
870.07,43319,2416.6,-1050.8,-1.3315,4.3363,1.7263,-0.58762,-6.1696,1.7108,0.78869,2.9426,-1.7455,1.9524,0.84642,-1.8838,-3.6196,2.4223,-4.9294
900.07,43313,2499.9,-1087,-1.3368,4.3378,1.7245,-0.58191,-6.1724,1.6984,0.78565,2.9352,-1.7568,1.9502,0.84461,-1.8769,-3.625,2.4295,-4.9297
930.07,43307,2583.1,-1123.2,-1.3421,4.3392,1.7227,-0.57621,-6.1752,1.6859,0.78262,2.9278,-1.768,1.9479,0.8428,-1.87,-3.6303,2.4367,-4.9298
960.07,43302,2666.3,-1159.3,-1.3474,4.3406,1.7209,-0.57051,-6.1779,1.6735,0.7796,2.9203,-1.7793,1.9457,0.84099,-1.863,-3.6357,2.4439,-4.93
990.07,43295,2749.5,-1195.5,-1.3527,4.342,1.7191,-0.56483,-6.1807,1.661,0.77659,2.9129,-1.7906,1.9436,0.83918,-1.856,-3.6411,2.4511,-4.9302
1020.1,43289,2832.6,-1231.7,-1.358,4.3434,1.7173,-0.55916,-6.1833,1.6485,0.77359,2.9055,-1.8018,1.9414,0.83736,-1.8491,-3.6466,2.4583,-4.9303
1050.1,43282,2915.8,-1267.8,-1.3633,4.3448,1.7155,-0.5535,-6.186,1.6361,0.7706,2.898,-1.8131,1.9393,0.83555,-1.8421,-3.652,2.4654,-4.9304
1080.1,43276,2999,-1304,-1.3686,4.3461,1.7137,-0.54785,-6.1886,1.6236,0.76762,2.8906,-1.8243,1.9371,0.83373,-1.8351,-3.6575,2.4726,-4.9305
1110.1,43269,3082.1,-1340.1,-1.3739,4.3474,1.7119,-0.54222,-6.1912,1.6111,0.76465,2.8831,-1.8356,1.935,0.83191,-1.8281,-3.6631,2.4797,-4.9305
1140.1,43262,3165.2,-1376.3,-1.3793,4.3487,1.71,-0.53659,-6.1938,1.5986,0.76169,2.8756,-1.8468,1.9329,0.83009,-1.8211,-3.6686,2.4868,-4.9306
1170.1,43254,3248.3,-1412.4,-1.3846,4.35,1.7082,-0.53097,-6.1964,1.5861,0.75873,2.8681,-1.858,1.9309,0.82826,-1.8141,-3.6742,2.4939,-4.9306
1200.1,43247,3331.4,-1448.6,-1.39,4.3512,1.7063,-0.52537,-6.1989,1.5736,0.75579,2.8606,-1.8692,1.9288,0.82644,-1.8071,-3.6798,2.501,-4.9306

21872,1886.1,39762,-17289,-3.9311,0.82519,-0.52177,-2.0638,-5.6113,-4.1428,1.9859,-0.85456,-6.5635,3.0437,1.274,2.2085,-7.3038,2.2117,0.019318
21902,1795.3,39765,-17290,-3.9297,0.81705,-0.52588,-2.0714,-5.6133,-4.1413,1.9901,-0.85278,-6.5648,3.0447,1.2773,2.2109,-7.3006,2.2073,0.029619
21932,1704.4,39769,-17292,-3.9282,0.80892,-0.52999,-2.079,-5.6153,-4.1398,1.9942,-0.85097,-6.5661,3.0456,1.2806,2.2132,-7.2974,2.2029,0.039912
21962,1613.5,39772,-17293,-3.9268,0.80079,-0.5341,-2.0866,-5.6174,-4.1383,1.9983,-0.84913,-6.5674,3.0466,1.2839,2.2156,-7.2941,2.1985,0.050195
21992,1522.7,39775,-17295,-3.9253,0.79267,-0.53821,-2.0942,-5.6194,-4.1367,2.0023,-0.84727,-6.5686,3.0475,1.2872,2.2179,-7.2907,2.1941,0.060468
22022,1431.8,39778,-17296,-3.9238,0.78456,-0.54232,-2.1018,-5.6215,-4.135,2.0064,-0.84538,-6.5699,3.0484,1.2905,2.2202,-7.2874,2.1897,0.070733
22052,1340.9,39780,-17297,-3.9223,0.77645,-0.54643,-2.1094,-5.6236,-4.1333,2.0105,-0.84347,-6.5711,3.0493,1.2938,2.2225,-7.284,2.1853,0.080988
22082,1250,39783,-17298,-3.9208,0.76835,-0.55055,-2.117,-5.6257,-4.1316,2.0146,-0.84153,-6.5722,3.0502,1.2971,2.2248,-7.2805,2.181,0.091233
22112,1159.2,39785,-17299,-3.9192,0.76025,-0.55467,-2.1245,-5.6278,-4.1299,2.0186,-0.83956,-6.5734,3.0511,1.3004,2.227,-7.2771,2.1766,0.10147
22142,1068.3,39787,-17300,-3.9177,0.75217,-0.55879,-2.1321,-5.63,-4.1281,2.0227,-0.83756,-6.5746,3.0519,1.3037,2.2293,-7.2736,2.1723,0.1117
22172,977.36,39789,-17301,-3.9161,0.74409,-0.56291,-2.1396,-5.6321,-4.1263,2.0267,-0.83554,-6.5757,3.0528,1.307,2.2315,-7.2701,2.168,0.12191
22202,886.46,39791,-17302,-3.9145,0.73601,-0.56703,-2.1471,-5.6343,-4.1244,2.0307,-0.83349,-6.5768,3.0536,1.3103,2.2338,-7.2665,2.1637,0.13212
22232,795.55,39793,-17302,-3.9129,0.72794,-0.57116,-2.1547,-5.6365,-4.1225,2.0348,-0.83142,-6.5779,3.0544,1.3136,2.236,-7.2629,2.1594,0.14232
22262,704.64,39794,-17303,-3.9113,0.71988,-0.57529,-2.1622,-5.6387,-4.1206,2.0388,-0.82931,-6.579,3.0552,1.3169,2.2382,-7.2593,2.1551,0.1525
22292,613.72,39796,-17304,-3.9096,0.71183,-0.57942,-2.1697,-5.6409,-4.1186,2.0428,-0.82718,-6.58,3.056,1.3202,2.2404,-7.2556,2.1508,0.16268
22322,522.81,39797,-17304,-3.908,0.70378,-0.58355,-2.1772,-5.6432,-4.1166,2.0468,-0.82503,-6.5811,3.0568,1.3235,2.2426,-7.252,2.1465,0.17284
22352,431.89,39798,-17304,-3.9063,0.69574,-0.58768,-2.1847,-5.6455,-4.1146,2.0508,-0.82285,-6.5821,3.0576,1.3268,2.2448,-7.2482,2.1423,0.183
22382,340.97,39798,-17305,-3.9046,0.68771,-0.59181,-2.1922,-5.6478,-4.1125,2.0547,-0.82064,-6.5831,3.0583,1.3301,2.2469,-7.2445,2.1381,0.19315
22412,250.04,39799,-17305,-3.9029,0.67968,-0.59595,-2.1996,-5.6501,-4.1104,2.0587,-0.81841,-6.584,3.0591,1.3334,2.2491,-7.2407,2.1338,0.20328
22442,159.12,39799,-17305,-3.9011,0.67166,-0.60009,-2.2071,-5.6524,-4.1082,2.0627,-0.81615,-6.585,3.0598,1.3367,2.2512,-7.2369,2.1296,0.21341
22472,68.194,39799,-17305,-3.8994,0.66365,-0.60423,-2.2145,-5.6547,-4.106,2.0666,-0.81386,-6.5859,3.0605,1.34,2.2534,-7.2331,2.1254,0.22352
22502,-22.731,39799,-17305,-3.8976,0.65564,-0.60837,-2.222,-5.6571,-4.1038,2.0706,-0.81155,-6.5869,3.0612,1.3433,2.2555,-7.2292,2.1213,0.23362
22532,-113.66,39799,-17305,-3.8958,0.64765,-0.61251,-2.2294,-5.6595,-4.1016,2.0745,-0.80921,-6.5878,3.0619,1.3466,2.2576,-7.2253,2.1171,0.24372
22562,-204.58,39799,-17305,-3.894,0.63966,-0.61666,-2.2368,-5.6619,-4.0993,2.0784,-0.80684,-6.5887,3.0626,1.3499,2.2597,-7.2213,2.1129,0.2538
22592,-295.5,39799,-17305,-3.8922,0.63167,-0.62081,-2.2443,-5.6643,-4.0969,2.0824,-0.80445,-6.5895,3.0632,1.3531,2.2618,-7.2173,2.1088,0.26387
22622,-386.43,39798,-17305,-3.8904,0.6237,-0.62495,-2.2517,-5.6667,-4.0946,2.0863,-0.80203,-6.5904,3.0639,1.3564,2.2638,-7.2133,2.1047,0.27393
22652,-477.35,39797,-17304,-3.8885,0.61573,-0.62911,-2.2591,-5.6692,-4.0921,2.0902,-0.79958,-6.5912,3.0645,1.3597,2.2659,-7.2093,2.1005,0.28398
22682,-568.26,39796,-17304,-3.8867,0.60777,-0.63326,-2.2664,-5.6717,-4.0897,2.094,-0.79711,-6.592,3.0651,1.363,2.2679,-7.2052,2.0964,0.29402
22712,-659.18,39795,-17303,-3.8848,0.59982,-0.63741,-2.2738,-5.6741,-4.0872,2.0979,-0.79462,-6.5928,3.0657,1.3662,2.27,-7.2011,2.0923,0.30404
22742,-750.09,39794,-17303,-3.8829,0.59187,-0.64157,-2.2812,-5.6766,-4.0847,2.1018,-0.7921,-6.5936,3.0663,1.3695,2.272,-7.197,2.0883,0.31406
22772,-841,39792,-17302,-3.8809,0.58394,-0.64572,-2.2885,-5.6792,-4.0821,2.1057,-0.78955,-6.5943,3.0669,1.3728,2.274,-7.1929,2.0842,0.32406
22802,-931.91,39790,-17301,-3.879,0.57601,-0.64988,-2.2959,-5.6817,-4.0796,2.1095,-0.78697,-6.595,3.0674,1.376,2.276,-7.1887,2.0802,0.33405
22832,-1022.8,39788,-17301,-3.8771,0.56809,-0.65404,-2.3032,-5.6843,-4.0769,2.1133,-0.78437,-6.5957,3.068,1.3793,2.278,-7.1844,2.0761,0.34403
22862,-1113.7,39786,-17300,-3.8751,0.56018,-0.65821,-2.3105,-5.6868,-4.0743,2.1172,-0.78174,-6.5964,3.0685,1.3826,2.28,-7.1802,2.0721,0.354
22892,-1204.6,39784,-17299,-3.8731,0.55227,-0.66237,-2.3178,-5.6894,-4.0716,2.121,-0.77909,-6.5971,3.0691,1.3858,2.2819,-7.1759,2.0681,0.36396
22922,-1295.5,39782,-17298,-3.8711,0.54437,-0.66654,-2.3251,-5.6921,-4.0688,2.1248,-0.77641,-6.5978,3.0696,1.3891,2.2839,-7.1716,2.0641,0.3739
22952,-1386.4,39779,-17296,-3.8691,0.53649,-0.67071,-2.3324,-5.6947,-4.066,2.1286,-0.77371,-6.5984,3.0701,1.3923,2.2858,-7.1672,2.0601,0.38384
22982,-1477.2,39776,-17295,-3.867,0.52861,-0.67487,-2.3397,-5.6973,-4.0632,2.1324,-0.77098,-6.599,3.0705,1.3956,2.2878,-7.1629,2.0562,0.39376
23012,-1568.1,39774,-17294,-3.865,0.52074,-0.67905,-2.3469,-5.7,-4.0604,2.1362,-0.76822,-6.5996,3.071,1.3988,2.2897,-7.1585,2.0522,0.40367
23042,-1659,39770,-17293,-3.8629,0.51287,-0.68322,-2.3542,-5.7027,-4.0575,2.14,-0.76544,-6.6002,3.0715,1.4021,2.2916,-7.154,2.0483,0.41356
23072,-1749.8,39767,-17291,-3.8608,0.50502,-0.68739,-2.3614,-5.7054,-4.0546,2.1437,-0.76264,-6.6007,3.0719,1.4053,2.2935,-7.1495,2.0444,0.42345

44373,-43359,1708.8,-743.02,-1.2154,-1.2347,-3.1118,-0.94426,-7.0706,3.3685,0.9742,3.6753,-1.8525,2.0003,0.44459,1.6182,-3.4169,4.4728,2.0554
44403,-43363,1625.5,-706.8,-1.2137,-1.2323,-3.1125,-0.93525,-7.0648,3.3797,0.96946,3.6792,-1.8397,2.0013,0.43857,1.6151,-3.4196,4.479,2.0506
44433,-43366,1542.2,-670.57,-1.2121,-1.2299,-3.1131,-0.92625,-7.0589,3.3909,0.96473,3.6832,-1.8269,2.0023,0.43254,1.6119,-3.4223,4.4852,2.0459
44463,-43370,1458.9,-634.34,-1.2105,-1.2275,-3.1138,-0.91725,-7.0529,3.4021,0.96,3.6871,-1.8141,2.0034,0.42652,1.6087,-3.4251,4.4913,2.0411
44493,-43373,1375.6,-598.11,-1.2088,-1.225,-3.1145,-0.90825,-7.047,3.4133,0.95529,3.691,-1.8012,2.0045,0.42048,1.6055,-3.4278,4.4974,2.0363
44523,-43376,1292.2,-561.87,-1.2072,-1.2226,-3.1151,-0.89926,-7.041,3.4245,0.95057,3.6949,-1.7884,2.0056,0.41445,1.6023,-3.4307,4.5035,2.0315
44553,-43379,1208.9,-525.63,-1.2057,-1.2202,-3.1157,-0.89027,-7.0349,3.4357,0.94587,3.6988,-1.7756,2.0067,0.40842,1.5991,-3.4335,4.5096,2.0267
44583,-43382,1125.5,-489.39,-1.2041,-1.2177,-3.1163,-0.88129,-7.0289,3.4468,0.94117,3.7026,-1.7627,2.0078,0.40238,1.5959,-3.4364,4.5157,2.0219
44613,-43384,1042.2,-453.15,-1.2025,-1.2153,-3.1169,-0.87231,-7.0228,3.458,0.93648,3.7065,-1.7498,2.009,0.39634,1.5927,-3.4393,4.5218,2.0171
44643,-43386,958.82,-416.91,-1.2009,-1.2128,-3.1175,-0.86333,-7.0167,3.4691,0.93179,3.7103,-1.737,2.0101,0.3903,1.5894,-3.4422,4.5278,2.0123
44673,-43388,875.46,-380.66,-1.1994,-1.2104,-3.1181,-0.85437,-7.0105,3.4802,0.92712,3.7141,-1.7241,2.0113,0.38425,1.5862,-3.4452,4.5338,2.0074
44703,-43390,792.09,-344.41,-1.1978,-1.2079,-3.1187,-0.8454,-7.0043,3.4913,0.92245,3.7179,-1.7112,2.0125,0.3782,1.5829,-3.4482,4.5398,2.0026
44733,-43392,708.72,-308.16,-1.1963,-1.2054,-3.1192,-0.83644,-6.9981,3.5023,0.91778,3.7217,-1.6983,2.0137,0.37215,1.5797,-3.4512,4.5458,1.9977
44763,-43394,625.35,-271.91,-1.1948,-1.203,-3.1197,-0.82749,-6.9919,3.5134,0.91313,3.7254,-1.6854,2.0149,0.3661,1.5764,-3.4543,4.5517,1.9928
44793,-43395,541.98,-235.66,-1.1933,-1.2005,-3.1203,-0.81854,-6.9856,3.5244,0.90848,3.7292,-1.6725,2.0162,0.36005,1.5732,-3.4574,4.5577,1.988
44823,-43396,458.6,-199.4,-1.1918,-1.198,-3.1208,-0.8096,-6.9793,3.5355,0.90383,3.7329,-1.6596,2.0175,0.35399,1.5699,-3.4605,4.5636,1.9831
44853,-43397,375.22,-163.15,-1.1903,-1.1955,-3.1212,-0.80067,-6.9729,3.5465,0.8992,3.7366,-1.6466,2.0187,0.34794,1.5666,-3.4637,4.5695,1.9782
44883,-43398,291.84,-126.9,-1.1888,-1.193,-3.1217,-0.79174,-6.9666,3.5575,0.89457,3.7403,-1.6337,2.0201,0.34188,1.5633,-3.4669,4.5754,1.9733
44913,-43398,208.46,-90.64,-1.1874,-1.1905,-3.1222,-0.78282,-6.9602,3.5684,0.88995,3.744,-1.6208,2.0214,0.33582,1.5601,-3.4701,4.5812,1.9684
44943,-43399,125.08,-54.384,-1.1859,-1.188,-3.1226,-0.7739,-6.9537,3.5794,0.88534,3.7477,-1.6078,2.0227,0.32975,1.5568,-3.4733,4.5871,1.9635
44973,-43399,41.692,-18.128,-1.1845,-1.1855,-3.1231,-0.76499,-6.9473,3.5903,0.88073,3.7513,-1.5949,2.0241,0.32369,1.5535,-3.4766,4.5929,1.9585
45003,-43399,-41.692,18.128,-1.183,-1.1829,-3.1235,-0.75609,-6.9408,3.6013,0.87613,3.7549,-1.5819,2.0254,0.31762,1.5501,-3.4799,4.5987,1.9536
45033,-43399,-125.08,54.384,-1.1816,-1.1804,-3.1239,-0.74719,-6.9343,3.6122,0.87155,3.7586,-1.5689,2.0268,0.31156,1.5468,-3.4833,4.6045,1.9486
45063,-43398,-208.46,90.64,-1.1802,-1.1779,-3.1243,-0.7383,-6.9277,3.6231,0.86696,3.7622,-1.556,2.0283,0.30549,1.5435,-3.4866,4.6102,1.9437
45093,-43398,-291.84,126.9,-1.1788,-1.1754,-3.1247,-0.72942,-6.9211,3.634,0.86239,3.7657,-1.543,2.0297,0.29942,1.5402,-3.49,4.616,1.9387
45123,-43397,-375.22,163.15,-1.1774,-1.1728,-3.1251,-0.72054,-6.9145,3.6448,0.85782,3.7693,-1.53,2.0311,0.29335,1.5368,-3.4935,4.6217,1.9338
45153,-43396,-458.6,199.4,-1.176,-1.1703,-3.1254,-0.71167,-6.9079,3.6557,0.85327,3.7728,-1.517,2.0326,0.28728,1.5335,-3.4969,4.6274,1.9288
45183,-43395,-541.98,235.66,-1.1746,-1.1677,-3.1257,-0.70281,-6.9012,3.6665,0.84872,3.7764,-1.504,2.0341,0.28121,1.5301,-3.5004,4.6331,1.9238
45213,-43394,-625.35,271.91,-1.1733,-1.1652,-3.1261,-0.69396,-6.8945,3.6773,0.84417,3.7799,-1.491,2.0356,0.27513,1.5268,-3.504,4.6387,1.9188
45243,-43392,-708.72,308.16,-1.1719,-1.1626,-3.1264,-0.68512,-6.8878,3.6881,0.83964,3.7834,-1.478,2.0371,0.26906,1.5234,-3.5075,4.6443,1.9138
45273,-43390,-792.09,344.41,-1.1706,-1.16,-3.1267,-0.67628,-6.881,3.6989,0.83511,3.7869,-1.4649,2.0386,0.26299,1.52,-3.5111,4.65,1.9088
45303,-43388,-875.46,380.66,-1.1692,-1.1575,-3.127,-0.66745,-6.8742,3.7097,0.8306,3.7903,-1.4519,2.0402,0.25691,1.5167,-3.5147,4.6555,1.9038
45333,-43386,-958.82,416.91,-1.1679,-1.1549,-3.1272,-0.65863,-6.8674,3.7205,0.82609,3.7938,-1.4389,2.0418,0.25083,1.5133,-3.5184,4.6611,1.8987
45363,-43384,-1042.2,453.15,-1.1666,-1.1523,-3.1275,-0.64981,-6.8605,3.7312,0.82159,3.7972,-1.4258,2.0433,0.24476,1.5099,-3.522,4.6667,1.8937
45393,-43382,-1125.5,489.39,-1.1653,-1.1497,-3.1277,-0.64101,-6.8537,3.7419,0.8171,3.8006,-1.4128,2.0449,0.23868,1.5065,-3.5257,4.6722,1.8886
45423,-43379,-1208.9,525.63,-1.164,-1.1471,-3.128,-0.63221,-6.8467,3.7526,0.81262,3.804,-1.3997,2.0466,0.2326,1.5031,-3.5295,4.6777,1.8836
45453,-43376,-1292.2,561.87,-1.1627,-1.1445,-3.1282,-0.62342,-6.8398,3.7633,0.80814,3.8074,-1.3867,2.0482,0.22653,1.4997,-3.5332,4.6832,1.8785
45483,-43373,-1375.6,598.11,-1.1614,-1.1419,-3.1284,-0.61465,-6.8328,3.774,0.80368,3.8108,-1.3736,2.0499,0.22045,1.4962,-3.537,4.6886,1.8735
45513,-43370,-1458.9,634.34,-1.1602,-1.1393,-3.1286,-0.60588,-6.8258,3.7846,0.79922,3.8141,-1.3606,2.0516,0.21437,1.4928,-3.5408,4.6941,1.8684
45543,-43366,-1542.2,670.57,-1.1589,-1.1367,-3.1288,-0.59711,-6.8188,3.7953,0.79477,3.8175,-1.3475,2.0532,0.20829,1.4894,-3.5447,4.6995,1.8633
45573,-43363,-1625.5,706.8,-1.1577,-1.1341,-3.1289,-0.58836,-6.8117,3.8059,0.79034,3.8208,-1.3344,2.055,0.20221,1.4859,-3.5486,4.7049,1.8582

66875,-1840.7,-39764,17290,-0.87282,0.82294,-0.19144,-0.67366,-0.85492,6.9552,1.3619,4.2413,5.0906,5.0192,-0.82318,-2.4067,-6.7567,1.4678,-1.622
66905,-1749.8,-39767,17291,-0.87113,0.82627,-0.18525,-0.68115,-0.85471,6.9545,1.3659,4.2423,5.0907,5.0203,-0.81884,-2.4124,-6.7534,1.4583,-1.6263
66935,-1659,-39770,17293,-0.86944,0.8296,-0.17906,-0.68864,-0.85454,6.9538,1.37,4.2432,5.0908,5.0214,-0.8145,-2.4181,-6.7501,1.4489,-1.6305
66965,-1568.1,-39774,17294,-0.86774,0.83295,-0.17287,-0.69613,-0.85441,6.953,1.374,4.2442,5.0908,5.0225,-0.81014,-2.4237,-6.7467,1.4394,-1.6348
66995,-1477.2,-39776,17295,-0.86604,0.83629,-0.16668,-0.70361,-0.85432,6.9523,1.378,4.2452,5.0908,5.0235,-0.80578,-2.4294,-6.7433,1.4299,-1.639
67025,-1386.4,-39779,17296,-0.86433,0.83965,-0.1605,-0.7111,-0.85427,6.9515,1.3821,4.2462,5.0907,5.0246,-0.80141,-2.435,-6.7399,1.4205,-1.6433
67055,-1295.5,-39782,17298,-0.86262,0.84301,-0.15432,-0.71858,-0.85426,6.9507,1.3861,4.2472,5.0907,5.0256,-0.79703,-2.4406,-6.7365,1.4111,-1.6475
67085,-1204.6,-39784,17299,-0.8609,0.84637,-0.14815,-0.72606,-0.85428,6.9499,1.3901,4.2481,5.0906,5.0266,-0.79264,-2.4462,-6.733,1.4017,-1.6518
67115,-1113.7,-39786,17300,-0.85918,0.84975,-0.14197,-0.73354,-0.85435,6.9491,1.3941,4.2491,5.0904,5.0276,-0.78825,-2.4519,-6.7295,1.3923,-1.6561
67145,-1022.8,-39788,17301,-0.85746,0.85312,-0.13581,-0.74102,-0.85446,6.9483,1.3981,4.2501,5.0903,5.0285,-0.78384,-2.4575,-6.726,1.3829,-1.6603
67175,-931.91,-39790,17301,-0.85573,0.85651,-0.12964,-0.74849,-0.8546,6.9474,1.4021,4.2511,5.0901,5.0295,-0.77943,-2.4631,-6.7224,1.3735,-1.6646
67205,-841,-39792,17302,-0.854,0.8599,-0.12348,-0.75597,-0.85479,6.9466,1.4061,4.2522,5.0898,5.0304,-0.77501,-2.4686,-6.7188,1.3642,-1.6689
67235,-750.09,-39794,17303,-0.85226,0.8633,-0.11733,-0.76344,-0.85501,6.9457,1.4101,4.2532,5.0896,5.0313,-0.77059,-2.4742,-6.7152,1.3548,-1.6731
67265,-659.18,-39795,17303,-0.85052,0.8667,-0.11117,-0.77091,-0.85527,6.9449,1.4141,4.2542,5.0893,5.0321,-0.76615,-2.4798,-6.7115,1.3455,-1.6774
67295,-568.26,-39796,17304,-0.84878,0.87011,-0.10503,-0.77837,-0.85558,6.944,1.4181,4.2552,5.0889,5.033,-0.76171,-2.4853,-6.7078,1.3362,-1.6817
67325,-477.35,-39797,17304,-0.84703,0.87352,-0.098881,-0.78583,-0.85592,6.9431,1.4221,4.2562,5.0886,5.0338,-0.75726,-2.4909,-6.7041,1.3269,-1.6859
67355,-386.43,-39798,17305,-0.84528,0.87695,-0.09274,-0.79329,-0.8563,6.9422,1.426,4.2573,5.0882,5.0346,-0.7528,-2.4964,-6.7004,1.3177,-1.6902
67385,-295.5,-39799,17305,-0.84353,0.88037,-0.086603,-0.80075,-0.85672,6.9413,1.43,4.2583,5.0877,5.0354,-0.74833,-2.502,-6.6966,1.3084,-1.6945
67415,-204.58,-39799,17305,-0.84177,0.88381,-0.08047,-0.8082,-0.85718,6.9404,1.434,4.2593,5.0873,5.0361,-0.74386,-2.5075,-6.6928,1.2992,-1.6988
67445,-113.66,-39799,17305,-0.84,0.88725,-0.074341,-0.81565,-0.85768,6.9394,1.4379,4.2604,5.0868,5.0368,-0.73938,-2.513,-6.689,1.29,-1.7031
67475,-22.731,-39799,17305,-0.83824,0.89069,-0.068216,-0.8231,-0.85822,6.9385,1.4419,4.2614,5.0863,5.0376,-0.73489,-2.5185,-6.6851,1.2808,-1.7074
67505,68.194,-39799,17305,-0.83647,0.89415,-0.062095,-0.83054,-0.8588,6.9375,1.4458,4.2625,5.0857,5.0382,-0.7304,-2.524,-6.6812,1.2716,-1.7116
67535,159.12,-39799,17305,-0.8347,0.8976,-0.055979,-0.83798,-0.85941,6.9365,1.4497,4.2635,5.0851,5.0389,-0.7259,-2.5295,-6.6773,1.2624,-1.7159
67565,250.04,-39799,17305,-0.83292,0.90107,-0.049867,-0.84542,-0.86007,6.9356,1.4536,4.2646,5.0845,5.0396,-0.72139,-2.535,-6.6734,1.2533,-1.7202
67595,340.97,-39798,17305,-0.83114,0.90454,-0.043758,-0.85285,-0.86076,6.9346,1.4576,4.2656,5.0838,5.0402,-0.71687,-2.5404,-6.6694,1.2441,-1.7245
67625,431.89,-39798,17304,-0.82935,0.90802,-0.037655,-0.86028,-0.8615,6.9336,1.4615,4.2667,5.0832,5.0408,-0.71235,-2.5459,-6.6654,1.235,-1.7288
67655,522.81,-39797,17304,-0.82756,0.9115,-0.031555,-0.8677,-0.86227,6.9325,1.4654,4.2678,5.0824,5.0414,-0.70782,-2.5513,-6.6614,1.2259,-1.7331
67685,613.72,-39796,17304,-0.82577,0.91499,-0.02546,-0.87512,-0.86308,6.9315,1.4693,4.2688,5.0817,5.0419,-0.70328,-2.5568,-6.6573,1.2168,-1.7374
67715,704.64,-39794,17303,-0.82398,0.91849,-0.01937,-0.88254,-0.86393,6.9305,1.4732,4.2699,5.0809,5.0424,-0.69874,-2.5622,-6.6532,1.2078,-1.7417
67745,795.55,-39793,17302,-0.82218,0.92199,-0.013283,-0.88995,-0.86482,6.9294,1.4771,4.271,5.0801,5.043,-0.69419,-2.5676,-6.6491,1.1987,-1.746
67775,886.46,-39791,17302,-0.82038,0.9255,-0.0072017,-0.89735,-0.86575,6.9283,1.4809,4.2721,5.0793,5.0435,-0.68963,-2.573,-6.6449,1.1897,-1.7504
67805,977.36,-39789,17301,-0.81857,0.92902,-0.0011245,-0.90475,-0.86672,6.9273,1.4848,4.2732,5.0784,5.0439,-0.68507,-2.5784,-6.6407,1.1807,-1.7547
67835,1068.3,-39787,17300,-0.81676,0.93254,0.0049482,-0.91215,-0.86772,6.9262,1.4887,4.2743,5.0775,5.0444,-0.6805,-2.5838,-6.6365,1.1717,-1.759
67865,1159.2,-39785,17299,-0.81495,0.93607,0.011016,-0.91954,-0.86877,6.9251,1.4925,4.2754,5.0765,5.0448,-0.67592,-2.5892,-6.6323,1.1627,-1.7633
67895,1250,-39783,17298,-0.81314,0.93961,0.01708,-0.92692,-0.86985,6.9239,1.4964,4.2765,5.0755,5.0452,-0.67134,-2.5946,-6.628,1.1538,-1.7676
67925,1340.9,-39780,17297,-0.81132,0.94315,0.023138,-0.9343,-0.87098,6.9228,1.5002,4.2776,5.0745,5.0456,-0.66675,-2.5999,-6.6237,1.1448,-1.7719
67955,1431.8,-39778,17296,-0.8095,0.9467,0.029192,-0.94167,-0.87214,6.9217,1.5041,4.2787,5.0735,5.0459,-0.66215,-2.6053,-6.6194,1.1359,-1.7763
67985,1522.7,-39775,17295,-0.80767,0.95025,0.035241,-0.94904,-0.87334,6.9205,1.5079,4.2798,5.0724,5.0463,-0.65755,-2.6106,-6.6151,1.127,-1.7806
68015,1613.5,-39772,17293,-0.80585,0.95382,0.041286,-0.9564,-0.87458,6.9194,1.5117,4.2809,5.0713,5.0466,-0.65294,-2.6159,-6.6107,1.1181,-1.7849
68045,1704.4,-39769,17292,-0.80402,0.95738,0.047325,-0.96376,-0.87586,6.9182,1.5155,4.282,5.0702,5.0469,-0.64833,-2.6213,-6.6063,1.1092,-1.7893
68075,1795.3,-39765,17290,-0.80218,0.96096,0.05336,-0.97111,-0.87717,6.917,1.5193,4.2831,5.069,5.0471,-0.64371,-2.6266,-6.6018,1.1004,-1.7936
